[
  {"imgsrc":"../images/g1_03.png","title":"战场双马尾","fons":"萌即正义"},
  {"imgsrc":"../images/g1_06.png","title":"天天打波利","fons":"吃饭睡觉打波利"},
  {"imgsrc":"../images/g1_08.png","title":"艾尔战记","fons":"原汁原味二次萌格斗"},
  {"imgsrc":"../images/g2_03.png","title":"乖离性百万亚瑟王","fons":"无线剑制，命运降临"},
  {"imgsrc":"../images/g2_06.png","title":"装甲少女","fons":"绅士游戏"},
  {"imgsrc":"../images/g2_08.png","title":"魔法学园","fons":"与魔女的日常"},
  {"imgsrc":"../images/g2_10.png","title":"神威启示录","fons":"命运之战一触即发"},
  {"imgsrc":"../images/g2_12.png","title":"钢铁少女","fons":"萌系战舰养成"},
  {"imgsrc":"../images/g2_14.png","title":"偶像梦幻祭","fons":"响彻世界吧"},
  {"imgsrc":"../images/g2_03.png","title":"战场双马尾","fons":"萌即正义"},
  {"imgsrc":"../images/g2_06.png","title":"天天打波利","fons":"吃饭睡觉打波利"},
  {"imgsrc":"../images/g2_08.png","title":"乖离性百万亚瑟王","fons":"无线剑制，命运降临"},
  {"imgsrc":"../images/g1_03.png","title":"装甲少女","fons":"命运之战一触即发"},
  {"imgsrc":"../images/g1_06.png","title":"神威启示录","fons":"绅士游戏"},
  {"imgsrc":"../images/g1_08.png","title":"偶像梦幻祭","fons":"萌即正义"}
]