[
{"imgsrc":"../images/scimg_14.png","title":"【新鬼泣】黑瞳谷歌视频攻略SOS难度","fons":"分类:单机联机"},
{"imgsrc":"../images/scimg_12.png","title":"【台湾解说1小时版】2016MSI季中赛RNG VS  SKT1 高清","fons":"分类:GMV"},
{"imgsrc":"../images/scimg_10.png","title":"磁铁和大理石打造趣味卢布。戈德堡机械","fons":"分类:趣味科普人文"},
{"imgsrc":"../images/scimg_08.png","title":"【星际2】电竞毒奶黄旭东 我以前迷信科学直到。。。","fons":"分类:网游.电竞"},
{"imgsrc":"../images/scimg_06.png","title":"【MineCraft】B站建筑比赛 建筑展示","fons":"分类:单机联机"},
{"imgsrc":"../images/scimg_03.png","title":"电影级游戏CG与震撼心灵的史诗音乐推荐合集第二弹","fons":"分类:GMV"},
{"imgsrc":"../images/scimg_06.png","title":"【MineCraft】B站建筑比赛 建筑展示","fons":"分类:单机联机"},
{"imgsrc":"../images/scimg_10.png","title":"电影级游戏CG与震撼心灵的史诗音乐推荐合集第二弹","fons":"分类:GMV"},
{"imgsrc":"../images/scimg_14.png","title":"【星际2】电竞毒奶黄旭东 我以前迷信科学直到。。。","fons":"分类:GMV"},
{"imgsrc":"../images/scimg_12.png","title":"磁铁和大理石打造趣味卢布。戈德堡机械","fons":"分类:趣味科普人文"},
{"imgsrc":"../images/scimg_08.png","title":"【新鬼泣】黑瞳谷歌视频攻略SOS难度","fons":"分类:GMV"},
{"imgsrc":"../images/scimg_03.png","title":"【台湾解说1小时版】2016MSI季中赛RNG VS  SKT1 高清","fons":"分类:网游.电竞"}
]
